"","CD8T","CD4T","NK","Bcell","Mono","Gran"
"cg25939861",0.153492337496399,0.811685291214828,0.619938871883977,0.850899352388511,0.84598175642964,0.857392726680367
"cg00219921",0.244624517573099,0.819082363028135,0.782195309321156,0.899156438459502,0.880542514430731,0.882422807709364
"cg11531557",0.243952564105815,0.494417288441217,0.620557297020003,0.853439920710895,0.858765704224941,0.844491463863055
"cg18174654",0.340849528299191,0.784372563062737,0.763007836846499,0.834427553817866,0.85932839354505,0.866114797223603
"cg04329870",0.33681007636551,0.825207373806544,0.74176982944801,0.834887350268247,0.840885629483269,0.837251060379865
"cg07016730",0.285826615472159,0.659981721272086,0.645716117972999,0.654201860395347,0.870335688149555,0.855026345169915
"cg09654116",0.382155610131546,0.840358180037375,0.700484755665547,0.839196421206782,0.873279300277782,0.869428464186036
"cg03318654",0.279391823773902,0.726508341269509,0.650363980841982,0.732250537391168,0.728268849091702,0.737604429652997
"cg18857618",0.403645239205768,0.802223073577655,0.79469163780021,0.844897341599813,0.874102877580451,0.850326140759146
"cg08777095",0.325589304339423,0.562540610133481,0.647542136976667,0.827727918736953,0.838719840620393,0.828279038682476
"cg11067179",0.415435406643805,0.817170950372839,0.790343711520388,0.802679029685893,0.865787420526448,0.85950123014048
"cg05723552",0.312969923060063,0.581070316970379,0.613622755136891,0.745104089428269,0.839003302632338,0.81843160329666
"cg08506127",0.193552187627018,0.626663905940984,0.544148612506057,0.59345974499755,0.604402871473095,0.600149509487422
"cg02598071",0.397469306061289,0.632067785912524,0.778554422704553,0.860806670374622,0.839147304576044,0.83952383674467
"cg25535316",0.395349031150047,0.707486783758055,0.73641422210271,0.756622145626797,0.865105171830559,0.858401497998607
"cg24345747",0.182124797001328,0.648810205869665,0.513914735901067,0.534615593281876,0.518212545992331,0.51535438362816
"cg16681873",0.325663099215684,0.542972973740056,0.625677004534726,0.750214178798156,0.769568982268021,0.745191215263823
"cg22213242",0.518551876552598,0.870097792839239,0.856221483045964,0.864341624929314,0.877298280303516,0.876670690413021
"cg19410791",0.161278790068503,0.472595050813169,0.486899364003099,0.542731053136321,0.519959836527754,0.513641891190135
"cg08769189",0.345783773325869,0.693662916320192,0.556649634310391,0.809812759046687,0.745641070442703,0.642335794704197
"cg25235205",0.436010651268672,0.640135416968237,0.766763067754509,0.82256307421163,0.835950192870955,0.831812072814982
"cg12032027",0.458688591177579,0.668346372953476,0.729797986111811,0.834677159249233,0.88718347657852,0.866430606925718
"cg23325335",0.351431185764231,0.644860421791325,0.579553963419274,0.746851283800774,0.738201758536416,0.7305323907388
"cg09318840",0.196342885389202,0.595515894965568,0.489362883702571,0.499509490755885,0.532487848679492,0.535265009495732
"cg15172381",0.199101389504429,0.500972420536611,0.366180659892883,0.583296444123785,0.622193968173486,0.592604912272569
"cg22494876",0.433469987697922,0.745936203214269,0.625325660314604,0.746792826783605,0.869888993150906,0.847344257025203
"cg05496363",0.506080331080905,0.829218487055941,0.806472262488922,0.825758876512085,0.836978883885284,0.839159144179503
"cg13068915",0.402947196542939,0.688916305909637,0.622823302731733,0.68378935755905,0.813928627373692,0.811428804875302
"cg06419846",0.560192485412962,0.876351043506691,0.84944401942918,0.888701514393602,0.889212662553186,0.890418972833145
"cg21220520",0.26522572486685,0.519353665154793,0.515743200662103,0.61178745656627,0.628887564018291,0.637703462387816
"cg07702659",0.502895118029532,0.79438151051875,0.803191165620991,0.843828979409084,0.823702320312615,0.83640434932524
"cg02021288",0.455607221584519,0.654944383234906,0.681215471469262,0.865084059906857,0.838884831208657,0.81044009856985
"cg01002223",0.579859748161621,0.809714000440064,0.887112385388604,0.920168020235126,0.92367135622652,0.9196486458592
"cg18830527",0.156656635616945,0.469125008095239,0.441333189969988,0.472691947635326,0.460331020789142,0.471403129675166
"cg00702872",0.48355669572711,0.724816249777201,0.661051992003713,0.865254470880023,0.845146573914146,0.852851200414976
"cg21648425",0.292521576830558,0.60906311937311,0.516898230147794,0.614207342982909,0.60376376608271,0.63848484536591
"cg04658357",0.523396873530853,0.729138476113968,0.762892591980664,0.847899582185671,0.867633898321305,0.878782444760276
"cg18546384",0.555906097563638,0.843229690860053,0.779018221903552,0.907274736396416,0.871531783298399,0.842194678673096
"cg18720736",0.538123226084357,0.821720508677754,0.814610989366029,0.83625835536202,0.841206134772479,0.831100338769026
"cg13543915",0.396675641702894,0.647226844758926,0.634634559965694,0.699211133191269,0.735573233917705,0.713737665836102
"cg27445883",0.521966922671016,0.764202454383838,0.799974744318332,0.825846322722047,0.835560796384527,0.830731155935293
"cg18224038",0.469100288662131,0.686109241015228,0.694657527191781,0.741243168039676,0.835445136981572,0.829271908994763
"cg21091766",0.428797691507877,0.834652821761859,0.602451817776631,0.729445015678897,0.749132942496465,0.665693263623341
"cg17692971",0.46333030421853,0.633280969069187,0.718893390722971,0.743009442509871,0.826450433979914,0.822082504416142
"cg01949403",0.571418488182597,0.861695742074845,0.828131985484821,0.870400588983609,0.86032135312854,0.863093900988911
"cg17851021",0.586569601335806,0.885380911187529,0.840488333809429,0.879778287513709,0.882527132561706,0.866998104740444
"cg03024489",0.497516059506659,0.714506780772951,0.740317976124729,0.772736793006495,0.842623750212375,0.825563348908799
"cg03984502",0.565150961355023,0.779144146615507,0.816367422730321,0.881109933949048,0.883680484338976,0.870909460935182
"cg08876085",0.559495108697472,0.84437025898555,0.697580239419165,0.887751012612454,0.883452033672025,0.88934516449583
"cg13571479",0.287349947491831,0.481537289660776,0.615966406427042,0.527217025318442,0.582045209175949,0.60007050153508
"cg26848126",0.83024063071141,0.44582364274647,0.499037881772329,0.141010281248633,0.136437746676654,0.17595345006401
"cg00813999",0.723988792969447,0.309607107777517,0.396195483867421,0.0719671716021161,0.0957982724374863,0.111770842106651
"cg20945853",0.510739231323678,0.297034656011597,0.31452783089553,0.152554398294773,0.112163036555684,0.118012034336799
"cg12480903",0.549354368180168,0.244777380709162,0.263905663188071,0.295893363050943,0.191185204737235,0.211124149156452
"cg00851088",0.469859597486521,0.273994887611171,0.29088906689571,0.147080675878847,0.108117454322881,0.103763151950781
"cg25554283",0.361158840281369,0.124528066754494,0.162897580412166,0.0818326891026692,0.0641766882809059,0.0837540656822687
"cg05861567",0.412539875887622,0.231806355373253,0.234692797934187,0.127604487006226,0.0866635753787519,0.101455147179729
"cg11958495",0.699196840010981,0.549803299165297,0.496609348184031,0.415969697869183,0.382731298427728,0.387073327181365
"cg21543859",0.403788284553596,0.205618741357236,0.242157926066812,0.116534622184192,0.11275194545739,0.11466386190962
"cg22827210",0.411313140866832,0.230865905362066,0.19704799680888,0.183010932758247,0.104476403504292,0.128469390408151
"cg09082441",0.384532932500497,0.214778217102089,0.220883023240072,0.0860793123763141,0.0924923449863912,0.109220402288103
"cg09543427",0.594376231897712,0.417683549700452,0.343609644097682,0.349633643985933,0.338862597059656,0.343117034526423
"cg07998213",0.46949197620382,0.306168010639787,0.325544497115014,0.176900554400788,0.167437245439367,0.202761604384428
"cg13354934",0.691187831830855,0.527453561296088,0.522319149373905,0.464606851790824,0.392044122848101,0.40252787267458
"cg05280206",0.479776118544011,0.275711877173002,0.288943964808234,0.223959152050811,0.265028409524046,0.2791359048589
"cg04425617",0.339333008084686,0.182638806004241,0.202165916960048,0.0743372491798115,0.087430227986969,0.0907504862923692
"cg19163067",0.739332291642751,0.574886226809599,0.582971704406919,0.49020107707166,0.500393596899605,0.491393329800012
"cg21222743",0.336809614910203,0.1801063375425,0.196645516069168,0.0740678519949832,0.0844468260925135,0.0929609396325481
"cg11674130",0.368391033102175,0.208810493783832,0.220134122846298,0.13939344942475,0.106287233511533,0.113613334033111
"cg19392656",0.410886036719465,0.2865444389421,0.231914512223134,0.17882352620768,0.175406169881726,0.175282600890423
"cg11429292",0.380208429514944,0.190103580958339,0.277931528260968,0.134587982570639,0.157986961219809,0.17691780108703
"cg12681001",0.327595656320833,0.161334008432619,0.20298797153289,0.0897039910618837,0.104849274433828,0.116777343975626
"cg15607358",0.607112192131485,0.482321414960513,0.42278081791741,0.388294812347561,0.381506391356976,0.398416504774087
"cg21467614",0.343214291181368,0.200684240823126,0.208603319041549,0.121117199050345,0.142620279033654,0.14113586605563
"cg22463795",0.285443666438328,0.121030707932804,0.171914132744459,0.0654226600721754,0.081501382854538,0.0897564514265684
"cg15492552",0.575840674658799,0.481421658705014,0.412264098112499,0.396830221896497,0.352934089569794,0.357325179305695
"cg07746532",0.348503747104225,0.248866749917198,0.190035214897056,0.154797059710585,0.141566874186565,0.141569576637494
"cg16604516",0.529831362033195,0.446800327612073,0.359995285991046,0.319954543382733,0.32527783880891,0.332299439220001
"cg00576774",0.279924923095698,0.134955393252806,0.170543642986299,0.104517298559595,0.0610243322074882,0.067395747258305
"cg25496930",0.345000623735782,0.194348909208379,0.220350363000741,0.151054127686834,0.155416695846599,0.176983655106594
"cg16941568",0.588941199315096,0.466147412909016,0.452970625554184,0.40881948367249,0.395693500700008,0.402638181153551
"cg08337633",0.252833255977449,0.154737802519306,0.0954754031626836,0.0677090615002045,0.0820997861957288,0.0830674114633561
"cg26133266",0.478246338131456,0.344612173425593,0.387945434842164,0.301239315709851,0.284839981427098,0.30476768065343
"cg02834765",0.355020261959769,0.247979776073648,0.255152549447363,0.166911818087507,0.184804328630649,0.188784426103382
"cg18406197",0.323174920378167,0.20421983179602,0.184027435602487,0.194826621292955,0.155557958895803,0.165729568790581
"cg10724791",0.257313468220631,0.174230684568943,0.118917732816374,0.0918291688954291,0.0992227571672285,0.111712400480948
"cg12403778",0.290475412721407,0.163284466379727,0.203953171092133,0.134599892002505,0.125934418188209,0.135913515245286
"cg01620360",0.338075827307916,0.22216784720952,0.222080555317402,0.174826931847287,0.199532136718003,0.1917865082637
"cg12229172",0.227804099361748,0.126508029354723,0.135347234317917,0.0796276059227025,0.066098864080412,0.0730868403915061
"cg02366988",0.258626775945811,0.120389192457237,0.167733059326313,0.117113696645393,0.115767480537114,0.125097531576205
"cg03848421",0.22110939832413,0.121685722075323,0.0886275581756491,0.0760600942007422,0.089725806529763,0.0994544824537615
"cg27402043",0.36426435201505,0.281166576293632,0.262326406778541,0.219578288522339,0.228636438929214,0.212278303443186
"cg02321062",0.24205452494278,0.134683994708556,0.172615475328478,0.0838262637992016,0.10285593796242,0.111763797374413
"cg18051762",0.352480397573938,0.289657438555504,0.234406729245313,0.215401742855615,0.204999368455131,0.217299032142761
"cg11875119",0.217502215126326,0.108039500758794,0.144294265300183,0.0951517069901841,0.0677752878383303,0.0754395007073097
"cg06690168",0.222719026857952,0.13314002372675,0.0849374069846203,0.0984134222738337,0.0978879672315901,0.104818430793091
"cg18270113",0.468228386284746,0.37891971814213,0.383088776702391,0.316416293746167,0.353650513963956,0.33092347514135
"cg22982767",0.22108886644517,0.13838680956172,0.129409608117267,0.0786861116585339,0.0885692573929997,0.113004931958058
"cg00523742",0.240560681015737,0.154943727580487,0.172814363893252,0.102239739174037,0.120649803936965,0.121883439144766
"cg24728370",0.209957222809376,0.134874362166216,0.126343617793427,0.0821698417896106,0.0876461735260224,0.105526974405772
"cg00366435",0.630481373254291,0.212237511623045,0.862703558731549,0.901408362290067,0.909786319622464,0.898052852146193
"cg26166854",0.508446642719755,0.189888374177722,0.731585867644295,0.880042118049624,0.889390614269181,0.875429274382715
"cg11944101",0.818562337979026,0.183697678610666,0.814946503097024,0.849034095091697,0.662650472525134,0.619303076523803
"cg10240150",0.455333202564197,0.194413070737812,0.767848969348141,0.873469059887729,0.863298481374178,0.844668949671523
"cg01874152",0.490295403632738,0.228489230076661,0.807268345407297,0.802282893124677,0.896101778842334,0.886372583218301
"cg02661764",0.561824926862493,0.212099742457729,0.82593462416626,0.827094845671808,0.764346600171893,0.79148698538438
"cg23723835",0.491211747756354,0.204541013562939,0.803480491915302,0.666310233651624,0.876825867992404,0.863396576517967
"cg10837404",0.783280206626428,0.346967077754485,0.878657560898968,0.913068964758055,0.914126550165237,0.90037883054764
"cg13651908",0.50028386353342,0.243991493493641,0.768537001678268,0.869444716891738,0.866437433185489,0.855884573726868
"cg15114607",0.538498367610123,0.236774861464725,0.730582672306082,0.828076219858129,0.861426396976227,0.859169043643649
"cg05070273",0.638075050372044,0.315933128845479,0.874375998243348,0.90441735241236,0.888313084071408,0.894743512131727
"cg25486399",0.487227322525745,0.200901777558491,0.782864646527543,0.836757938438502,0.75665106611476,0.738681851918619
"cg10782923",0.462123341239706,0.238200242736889,0.787661191051659,0.836318073291574,0.8499165257253,0.839063383508576
"cg16193207",0.542612726981777,0.288289416556581,0.826596294631045,0.890305708402496,0.884897662660661,0.880807493846618
"cg14477767",0.725562767654227,0.3075632882779,0.787323220860473,0.844401150401905,0.883488600707523,0.874817191741883
"cg24662823",0.584200340805557,0.293379693733128,0.755561319340544,0.908386708076898,0.902067173637342,0.88945204441795
"cg08884752",0.485852376778287,0.210720938448973,0.808473833788415,0.79050569514205,0.752674279595365,0.784743880909918
"cg05617307",0.732921933622713,0.343427488969019,0.869439188731947,0.87750576849702,0.90325632055602,0.881955868295308
"cg23357533",0.625864342654434,0.324251962968516,0.873501494528219,0.901771571729404,0.881311357008445,0.870099651144267
"cg27423838",0.630710310519771,0.261688590756071,0.780923464679584,0.789432554132998,0.811119606389016,0.826156502788411
"cg01040649",0.58688895058845,0.279155645594578,0.815571279542825,0.76191163524622,0.885861756016141,0.869983899646684
"cg26707718",0.624096782659141,0.329480005845355,0.874106830379049,0.88455764252084,0.893396006647435,0.894069710554132
"cg19679865",0.597977946661557,0.297298745099829,0.815757115696675,0.854795365082812,0.86459675517051,0.856993942320986
"cg25599673",0.666318135829585,0.328524258818047,0.880766661517266,0.850714802554801,0.868255302019918,0.878935334441974
"cg27207932",0.756641570409089,0.225313632573009,0.811671726622603,0.883754935807607,0.698428755987699,0.472864060654269
"cg07728865",0.584402243947561,0.306842479161574,0.793448491204122,0.879219425480187,0.890884309223101,0.878333206701419
"cg00122659",0.460777298471908,0.240858188230964,0.744540616076874,0.816543188487087,0.847861950165727,0.819990203989968
"cg00103299",0.54720393554142,0.240286735437695,0.787202075210667,0.706016996593147,0.819559971088699,0.808576471446269
"cg00440980",0.560886362109562,0.284358371827974,0.733241803933271,0.879102833027331,0.82900205311279,0.875607408096262
"cg03646329",0.533666432863371,0.252040656906678,0.663218722507109,0.860359585834108,0.802086098501306,0.853040624314095
"cg00445959",0.552743853968974,0.279620623850197,0.815987708243915,0.859142407878596,0.826624468392441,0.79417011121918
"cg19296305",0.526681600973704,0.28445782270733,0.803953995984934,0.85195431664872,0.832177594529547,0.852295459837529
"cg20737812",0.720887065154679,0.322547557039694,0.819421637438965,0.78412972343009,0.855863321148951,0.846132401932897
"cg15564619",0.395515000931416,0.165300352535488,0.770647967747151,0.763541784619922,0.630025507782046,0.667922786968453
"cg26848442",0.671296602530589,0.270621159777478,0.791963483858036,0.706518721392567,0.752952350086593,0.82792437071373
"cg08280368",0.49878336766362,0.273169515303995,0.82655706992655,0.741370648378408,0.857790478615131,0.836883947981445
"cg05859076",0.560935789472168,0.277095664952225,0.787839052538364,0.886837462877085,0.830331483481082,0.7016704569165
"cg15937641",0.442479917207615,0.237036131006933,0.748088155321342,0.827264944516486,0.800489530022273,0.741816601738067
"cg01154505",0.728964050704841,0.359527825650957,0.883726507109577,0.754927388186217,0.913659553516073,0.889336699116411
"cg13400249",0.849441994145832,0.384356121792511,0.855297897203904,0.852278558495164,0.863437579349527,0.868011079336725
"cg09722826",0.649707785380535,0.335955915293308,0.788707761150623,0.875740400787519,0.869807773705641,0.860172104130225
"cg18303397",0.705669387499291,0.246564367714856,0.765992022571398,0.851873104250697,0.698837104158963,0.567128082481463
"cg09879458",0.540680546956085,0.244068854114563,0.770948866382678,0.639272277857653,0.814093497919722,0.809380891840219
"cg18734095",0.428571164553584,0.205148135831744,0.699295531376443,0.798599648681901,0.702225192150856,0.750958757341419
"cg19408207",0.504787952992501,0.24336931243676,0.671210171525387,0.814996788168777,0.807320868648973,0.759833975609073
"cg14150115",0.597462097327941,0.283748384825604,0.85891076807037,0.886386347809155,0.800337579702375,0.616838851824516
"cg14232368",0.814248491092461,0.350154136243623,0.833717125447856,0.817836087600247,0.82164452645617,0.802546389886917
"cg21747310",0.600768314914565,0.308969443704323,0.784871631495607,0.852455844103652,0.815440537196045,0.823633195900876
"cg01525879",0.675026367901482,0.351858620874152,0.831174951197814,0.905785009839007,0.866900458828456,0.808909373283443
"cg06329392",0.587948222961292,0.372998038433175,0.894801922269768,0.904159849003495,0.909994960159844,0.894393714419609
"cg00124375",0.320803058761053,0.676100035164968,0.154695771690821,0.127321552565592,0.0925387069991202,0.15436986610233
"cg18055007",0.44526523644862,0.758340992280276,0.251891025273442,0.201193869166665,0.164827846239184,0.232257500935583
"cg04244970",0.334729721225399,0.693933510606649,0.127169617367945,0.294524202160135,0.109442289895224,0.1290036190269
"cg11230435",0.417889019905459,0.658502486575029,0.0895583583174341,0.123525177874803,0.0981377866995943,0.0895801032672944
"cg17983217",0.318120683567228,0.707017066342944,0.194382631038425,0.158329047017596,0.180495638214388,0.228147844553504
"cg09662852",0.504327238350729,0.696438029347898,0.134220914379387,0.160847660657684,0.112365961699576,0.136733285411281
"cg07837085",0.401951221863358,0.715184394784737,0.18083877580631,0.293785412977476,0.155386207206817,0.163170486727805
"cg01987702",0.471021677068028,0.683597980098634,0.203350112876616,0.12521929152937,0.11343879605654,0.12962105495135
"cg14564351",0.381868448782195,0.688138246644066,0.22950518864377,0.197679376840494,0.112890467229287,0.153332735005325
"cg24706505",0.490379975324125,0.720763703665136,0.209929554902364,0.291694037972973,0.16979694925043,0.166079174239295
"cg27485845",0.370181320235997,0.698052332489675,0.154844362413273,0.187735196783205,0.152125428023921,0.386698035943593
"cg26986871",0.121017445195273,0.58862438057284,0.120922398134792,0.212859557020103,0.110311479086503,0.140001195476259
"cg25729350",0.397610873949658,0.627813627483124,0.122868117200879,0.133342834470352,0.103324303448691,0.147933103262912
"cg14134003",0.434600986651158,0.638409273822569,0.166115380545726,0.225474692953333,0.0958490728691941,0.107800319143387
"cg02983950",0.368609119342865,0.654863499919932,0.271423301021009,0.18525631370672,0.136181897958023,0.166104709609889
"cg24049629",0.41932081220716,0.62686301797382,0.141053801017351,0.218907004831291,0.138565018691295,0.146092422625465
"cg24904788",0.323504735108674,0.609871194059405,0.103632898522713,0.302935782545398,0.120640231817234,0.134268858687726
"cg16247817",0.200645449212628,0.617441197068368,0.134455019929855,0.387595428331003,0.143767440374957,0.160747686283111
"cg06449334",0.157453263340059,0.608086938670936,0.113548316614514,0.345899535933339,0.242403859161905,0.213762823391349
"cg13060970",0.411581034923042,0.580411042091945,0.132563911169928,0.119328687867311,0.131978161849621,0.152200520918953
"cg13695076",0.415701385085597,0.668104124393195,0.218518580969109,0.375425941161442,0.168050207339432,0.211982194022871
"cg02402946",0.44771452418902,0.73660000480623,0.331479523839817,0.244071040771673,0.33103547630897,0.378062657093695
"cg04307083",0.313907868841989,0.604477008617178,0.0948851273687929,0.256630807132325,0.19525604492206,0.218464858304233
"cg19933595",0.24304977858791,0.534862087457829,0.184648390405291,0.108137287953915,0.0851474861266829,0.130160539708212
"cg16394018",0.259972503210594,0.599616303617373,0.2321554225535,0.15482440856381,0.189462390726698,0.245435401893046
"cg27190138",0.353442414159468,0.579562572022408,0.145276837656395,0.131358759220118,0.164192455612398,0.188780158386633
"cg11176694",0.339953493208045,0.535950894451871,0.102516467374079,0.0721570064391652,0.132598293836682,0.156614303019196
"cg03278514",0.311925887109757,0.492394904008875,0.0710698234289281,0.0642821381706904,0.0546389652061687,0.0881921272693515
"cg15153141",0.32823946230294,0.533113448134022,0.199576081262976,0.0797858488506032,0.0759024567211671,0.116370248244526
"cg25598890",0.095256583214952,0.479826325700082,0.0694616837417271,0.236752999417948,0.0853349823637032,0.0973650383028017
"cg17858328",0.104765667494017,0.440851000138807,0.0748578993265003,0.0752053215614114,0.0576965988142531,0.0816056632082684
"cg27202779",0.341939278429121,0.566561289737579,0.221138997062335,0.116744360431059,0.13893065273934,0.209030402435589
"cg23624705",0.380748888705798,0.561240850835745,0.127743767089534,0.235543995383101,0.151376794721658,0.110908409829174
"cg24683414",0.175395672234192,0.478639086222587,0.11285530234163,0.103440745884435,0.0989705351455349,0.120469815630895
"cg26027669",0.163444741538514,0.468127002453129,0.0940822509480754,0.0890471567928133,0.103283122753132,0.11670424678493
"cg27027151",0.294533358134648,0.564711244448124,0.175367485778156,0.0996730713481373,0.229428544151498,0.251905993397744
"cg00984060",0.236716957692086,0.544784594084717,0.174097921673961,0.14363186781757,0.199066842968537,0.217270219609412
"cg21268578",0.165955911309378,0.456353410491902,0.0635457106393291,0.153099631237028,0.0706623490688957,0.0853735374218901
"cg07881210",0.402198101808636,0.609338630654641,0.33872624978975,0.250063259681302,0.138042358455107,0.174697367659845
"cg00287915",0.368532753439996,0.541342783403038,0.14866404744201,0.170663847734087,0.135634487279162,0.146292450888511
"cg11525052",0.189753601775733,0.52154416436746,0.12674626999379,0.293040425612408,0.127108630000553,0.140343320475087
"cg03077671",0.213140107456043,0.472675636497616,0.0981951581298209,0.11265901256703,0.095574481433468,0.119078116148984
"cg09490277",0.355269999255883,0.548636354985152,0.215578684143838,0.212608828504874,0.13106497764683,0.118697773057549
"cg19455189",0.123784419496473,0.481253268595441,0.0973863327299311,0.203715837247169,0.118486773039948,0.153539325693137
"cg15657641",0.295723335309128,0.485705441984807,0.181403957811318,0.0731121605948987,0.0838937321277645,0.109692811076977
"cg17343167",0.100948928343023,0.453690071355956,0.119696512552928,0.0841448664488883,0.197132456422882,0.119626442523143
"cg13133835",0.375152540707866,0.536992592729837,0.219249642130619,0.214598553203709,0.112325649093947,0.121448200091462
"cg10505873",0.275855953209292,0.480318643702841,0.192286425806943,0.137877743475428,0.0897838813640346,0.1013680837632
"cg24301930",0.213840623922378,0.422186771935814,0.0903688336768693,0.0615348665450074,0.0540768335604486,0.0875136694426045
"cg16425038",0.23241049557368,0.477473658185383,0.179890042474149,0.11036199656261,0.120981237958275,0.151836116823005
"cg27582527",0.418734173369962,0.791714761313104,0.139384837081363,0.808876447876741,0.885050993461497,0.877824627848518
"cg06202778",0.587775859193184,0.85854230901718,0.220678286326762,0.901757992004424,0.839674325546403,0.863152738862857
"cg05653887",0.52975183956161,0.841793868805536,0.24767805201992,0.875935712419654,0.874724255747946,0.849383542856108
"cg07307830",0.526391879083287,0.702343175300707,0.223015376506114,0.863586169798811,0.877954754660427,0.872540907049486
"cg19696012",0.500985977225248,0.785037764427943,0.235879419281228,0.862698896017692,0.89168038362128,0.864460270906252
"cg21634628",0.567580845799156,0.784157106951691,0.236543063434164,0.760597563382672,0.884761457921084,0.883112570129477
"cg03538296",0.714439604592957,0.889341514536724,0.318593444474938,0.889268643212285,0.897373304177776,0.8946715644046
"cg06040872",0.510183063390384,0.837142794536396,0.256373610479348,0.898693114214606,0.885881023600547,0.840773008085734
"cg00369058",0.525930896652107,0.854420241286737,0.26691349393042,0.891284580467291,0.890102523788439,0.855196367045954
"cg02150910",0.547434688383807,0.825473554062849,0.236134449222643,0.755468906956159,0.873178963244908,0.857447987469343
"cg20657709",0.640310339315846,0.873380312769796,0.296772314235608,0.886212097247187,0.881891932257674,0.877323467129895
"cg02384859",0.519827561997258,0.830068212830785,0.254192670056021,0.850259365856939,0.873151898382665,0.871980139171074
"cg03708221",0.526771441874542,0.786845478277723,0.226141786022658,0.821612281418417,0.84051627810396,0.822182543850994
"cg07590102",0.56304757344999,0.8717291613946,0.255433561063173,0.759011542339245,0.827567682708181,0.906692487287014
"cg21474838",0.607113943979194,0.792112213701715,0.284048580181519,0.891767312727845,0.894944275737011,0.880272363057658
"cg27309871",0.631147878517776,0.872589481719278,0.297541481484557,0.868690048768226,0.881986110787325,0.862215086391907
"cg18672716",0.513539975806645,0.812179077535654,0.241555806033612,0.843563297847864,0.855652939017422,0.810293561996057
"cg01940139",0.600101788197968,0.808085189601815,0.291054266761113,0.889711561659334,0.885653943742941,0.884308884333455
"cg09261289",0.678572301806753,0.874079188675501,0.321910807398853,0.883765118847784,0.888592284243636,0.881665316775229
"cg14301562",0.599075722636015,0.836418568463115,0.26841458855164,0.85161634873324,0.843664309547451,0.803090373383657
"cg15241779",0.663849700999006,0.842798930939321,0.303762344209772,0.844343129200605,0.879700745531391,0.866215603714424
"cg14496375",0.491157416939732,0.852255872957611,0.251766934331391,0.860389954791549,0.813260704336494,0.785737695541478
"cg26227465",0.49596774795793,0.694151842427762,0.227520085687377,0.80361724474509,0.840859425439017,0.843601802934839
"cg03605454",0.554231472119708,0.797842638684484,0.252098679095202,0.823797139630261,0.822636120176704,0.799951489069481
"cg21333217",0.600698931860123,0.895019322269441,0.346957841698462,0.930142534085702,0.921928234402975,0.910493415392436
"cg20460771",0.48478702981923,0.785533230454089,0.250699247715827,0.850641451122951,0.83000518950896,0.819513599655717
"cg11637084",0.568927207781861,0.823622902872141,0.32165846807732,0.894493545543361,0.91424970690465,0.908260089834102
"cg12294633",0.570250107557441,0.877417107972281,0.304896155857502,0.905629702177352,0.860511029470243,0.799803598309132
"cg10628126",0.653729696512602,0.788744753363513,0.300035703551797,0.867198834116224,0.786363258324454,0.888600190487148
"cg26012482",0.582756874699038,0.743756334049055,0.285281568438762,0.84169690993964,0.882050435372027,0.85927588892633
"cg12531611",0.635957592401011,0.872356668961333,0.337798748703933,0.890727342951797,0.880561978817979,0.886758129824372
"cg11335172",0.723119502411734,0.882253610888432,0.369127609883845,0.909647356950097,0.91089497796786,0.881273538221317
"cg23673974",0.468310910585429,0.750449939665724,0.165329383632782,0.820089582984644,0.64409422915266,0.601632956334636
"cg13828440",0.662991037375212,0.82102413944145,0.287098232914876,0.725169221531167,0.835403342827071,0.84386129563536
"cg15052335",0.498519650698612,0.679532888824745,0.247725897771248,0.834634987386643,0.846664881816958,0.830466453096066
"cg03886681",0.511168854625028,0.838660643962586,0.303681719122962,0.858222305814721,0.883599613578803,0.877266040011497
"cg10142452",0.600670366228961,0.801844268737943,0.294397012432707,0.817874406579349,0.850320647740984,0.83574232368905
"cg00293189",0.627510064543634,0.813927680303321,0.335273310971128,0.871231560010948,0.888523079466005,0.906039394122619
"cg14384416",0.548086156881229,0.831996209037072,0.306945213286988,0.862821632995019,0.859349907111231,0.862960506397353
"cg18310515",0.572119095606416,0.799038821967021,0.306394704814813,0.870160705682798,0.866228254264664,0.847967085660021
"cg04877737",0.529476487407819,0.74902783155657,0.262447749223962,0.757442239930099,0.849952362279582,0.839349412162302
"cg00719568",0.597266396107578,0.835497893554518,0.28428333740812,0.675331027654606,0.860672136005873,0.860462580300951
"cg12996622",0.499705598920387,0.757753034765205,0.244803251108706,0.761760321033115,0.806596063894602,0.799807708569274
"cg14746118",0.572492538875863,0.734132423455053,0.267765408392764,0.673261113079703,0.872526488778086,0.883475635589969
"cg13209388",0.602343456606011,0.883510373639878,0.335860048187225,0.903031714200115,0.879252509678628,0.792150013313529
"cg14200211",0.669440956646024,0.84812354891274,0.362947594585883,0.889789777773754,0.886029259155806,0.886568386036521
"cg01726890",0.479172122714835,0.769353530283812,0.268631106601445,0.839398505352786,0.816012619536486,0.801041250732694
"cg01144218",0.752954151462232,0.882956735569869,0.397665227556245,0.870041837689023,0.921676444497299,0.917409342248862
"cg07584031",0.587842701759915,0.829714693391196,0.313019397449793,0.792889433836598,0.866359924051461,0.840786861152853
"cg16212145",0.566689981592484,0.806272750479502,0.315148328802465,0.828854402278471,0.864488044603963,0.858485142181822
"cg06117093",0.475690803535141,0.126543838686547,0.711940354957751,0.17251286817093,0.0966373274192312,0.153686231657753
"cg27043010",0.34285665299949,0.14721009757447,0.667940068357433,0.227839697527491,0.157382546732947,0.158617389379151
"cg18881723",0.283689472119634,0.0678316187092325,0.583035313893454,0.0941112431615722,0.111519512578291,0.130958091649824
"cg16893868",0.381656355231937,0.186107684891712,0.629529445985924,0.201692467402771,0.0934453764579049,0.102571082598723
"cg25887844",0.390114539180984,0.172516348424397,0.64544616974075,0.362221562816993,0.189678890835864,0.11047794963152
"cg26971042",0.317850123718967,0.13560279344839,0.599617536555737,0.132038801087761,0.198263100553236,0.234922598786262
"cg03268893",0.356772006843208,0.156825502974326,0.562702124961174,0.122838614520827,0.100677632365296,0.104633810519593
"cg07675477",0.320299457349842,0.163698054010335,0.639616560255144,0.252573651849049,0.282968843954429,0.274090746153125
"cg06398474",0.384994221294515,0.160153774907193,0.633497100872398,0.183849482013782,0.293202943832466,0.249764065219179
"cg01447281",0.30082491091464,0.0965408153685912,0.541274648918774,0.215121812682676,0.102135925407343,0.107484689316465
"cg18886071",0.216706886063506,0.0685942601240339,0.480427745550804,0.0979724917122236,0.0974255409821663,0.0988559614940225
"cg01710351",0.206221580432998,0.0688502086997758,0.457483824723662,0.0956815277760367,0.108363772260896,0.116908340557796
"cg15258980",0.334188707049435,0.145371531381531,0.513469693141051,0.210453372871146,0.0946109434614406,0.106788260702748
"cg27122888",0.284605768578969,0.130069257247028,0.463202256333128,0.154652277415473,0.096854537222964,0.0995822757626274
"cg14011327",0.2287544759153,0.0897462565010964,0.431181880306108,0.0872873226198858,0.106709319072291,0.103246309752611
"cg25719851",0.430756739271406,0.232418993176281,0.605056418403874,0.341503629057351,0.280386907304457,0.222589953573177
"cg16013543",0.300970155002785,0.102102362608184,0.453700787226786,0.0935416162208959,0.128862016312802,0.126461906815648
"cg06317348",0.288415309552023,0.119575866798325,0.510022338655722,0.281258481401705,0.171629234189956,0.175626985902219
"cg07616394",0.230948719599167,0.158249670427356,0.453974104973697,0.113213910702662,0.123354803124954,0.142633111958302
"cg07978738",0.321112755870312,0.123822470223767,0.504441655543548,0.199261798693982,0.209136599971216,0.213045708752544
"cg09421111",0.395545043998086,0.216247209681901,0.584397672520826,0.246217902262611,0.291921459690451,0.316902870249351
"cg15691199",0.28701204711613,0.135645742121534,0.414336544917869,0.0653900523078171,0.0708799498067192,0.0818994981919113
"cg09682796",0.25215788673216,0.113015601934863,0.390714656353052,0.0785915366679488,0.0576004496149764,0.0600667569784586
"cg22014398",0.348597959460316,0.189764730898312,0.486622640673221,0.207303175659053,0.147202833185904,0.167058849415413
"cg00149213",0.154460550580054,0.0704146839887076,0.376842404046077,0.089938222136074,0.104104143022099,0.094373435395536
"cg23930334",0.231143812171982,0.106621999039387,0.390832908776665,0.0783851309006893,0.0915952856745752,0.0933773268347778
"cg10879992",0.404428915820216,0.278434686349375,0.54448683521018,0.232719833142073,0.173514931746458,0.290704734900721
"cg23426945",0.284482643361587,0.247864597712452,0.449962152594826,0.146192587864292,0.106475175146837,0.136271004298198
"cg18437209",0.239160644435291,0.058714990419943,0.363007653191659,0.0612568721106468,0.0626438013953958,0.0723574225846755
"cg07998908",0.402827048583096,0.292113815477926,0.560238344575591,0.324694954336992,0.280520320587052,0.193635922359218
"cg22442430",0.223287947109389,0.144523884181383,0.47296060384331,0.157515958418779,0.205824411148627,0.329313866497289
"cg00629585",0.312423320120344,0.230237879843516,0.481509817763844,0.195990691219174,0.181434320511113,0.203867138914507
"cg23398076",0.301878436152351,0.20535770126321,0.457366265988279,0.201381917226573,0.155309831467953,0.16932294780949
"cg13279811",0.349683527091055,0.253297623324532,0.500711265801186,0.26928909846986,0.184184561459969,0.196327667383466
"cg14059835",0.26231330134588,0.153149623528267,0.393125216362806,0.120631134821357,0.0887096080064756,0.0910889457044649
"cg23045908",0.206530040766294,0.146571353125577,0.401301760252144,0.115136692216756,0.172651719146784,0.142318058197817
"cg17313709",0.475680496408466,0.400535103227106,0.675247665417026,0.499813450175782,0.411431314115399,0.399641123926182
"cg08462306",0.10444607255901,0.0651347391661221,0.318438564946451,0.091975902073157,0.0790850986342263,0.0763673819367559
"cg20786131",0.243612969489368,0.121856154129015,0.364666980991768,0.0901635327653959,0.103145407275919,0.106991073198973
"cg13782615",0.218324294447276,0.174869354345856,0.35225520887523,0.0722680006305801,0.0698097707207035,0.0846732435835064
"cg04910877",0.321408477703604,0.32817582791598,0.527768035335349,0.291374712269698,0.271709894535808,0.285419817621204
"cg04050463",0.266655088274068,0.194193808779154,0.4202001253996,0.163864502544891,0.16178759358251,0.17950478829514
"cg14258143",0.111969209861666,0.0696601855555456,0.312420277358784,0.102863921933231,0.0807736209441198,0.0732241349663378
"cg05496203",0.168054881502559,0.0931040376387013,0.335495382092832,0.138437462581148,0.076293257296916,0.0798660883482148
"cg05604112",0.137832491945192,0.0682573862414219,0.307745454038551,0.105679712844519,0.0543257713281454,0.05925329563121
"cg10861599",0.198526507700756,0.129300996486234,0.359522509777206,0.194249727292893,0.0962168182077088,0.0997139199749674
"cg02607544",0.400962060113762,0.295298792118364,0.514869500758037,0.310663716000333,0.235615704135302,0.266117225382947
"cg16731157",0.297291360807977,0.139728607765502,0.395237216168825,0.145109890334437,0.170759326888208,0.17199710300358
"cg22001211",0.182650738433968,0.0892897478995505,0.357402538309853,0.106112591467206,0.171209212811341,0.188781252002366
"cg08447324",0.121636007909089,0.0907401279904288,0.316718452617731,0.149946483505401,0.112929711392156,0.102662855335651
"cg01024458",0.87620172869544,0.875842000194434,0.882426331448398,0.118721350533245,0.913833875548607,0.926232414767668
"cg21596498",0.921869817457379,0.912448174268502,0.906438183995996,0.144589922291622,0.901076449914697,0.893478972490184
"cg05205074",0.885034154018441,0.874730146393968,0.879708843765243,0.124622808253516,0.885081871943962,0.901409880122169
"cg16210395",0.842347912674249,0.874199419612061,0.837397627234285,0.118804179546581,0.905718103178256,0.901750507493138
"cg14936008",0.909420585188843,0.895846581274586,0.903544035081527,0.148370369703612,0.896035994037106,0.898466669041546
"cg17232476",0.879196319087722,0.875711890541073,0.884546701030646,0.124099776634627,0.844155172211478,0.891325556444138
"cg11661493",0.878669602652362,0.876641594804493,0.871244346776755,0.126483356880262,0.865600061514027,0.86719089764527
"cg15035590",0.901905393609272,0.903599457099535,0.899750208905545,0.158094267262773,0.889133373464516,0.900648783985695
"cg22212560",0.902537398361468,0.890775456876774,0.889111414750514,0.12198577919389,0.749973588314141,0.881194922064945
"cg00760938",0.869633939680004,0.873407381552604,0.849103873965927,0.123773200072565,0.861414860689692,0.861489713295492
"cg26552743",0.886445994507563,0.869456625030557,0.858926530041183,0.123850058561581,0.845415445632492,0.848278110164555
"cg20602300",0.905991089299133,0.90333940883921,0.900921029421987,0.165402264523607,0.900938718395269,0.900152950479308
"cg17995557",0.875149901705258,0.883791445497952,0.811750732955163,0.129228381819657,0.872100446166606,0.886553655265933
"cg07597976",0.867145142888311,0.850445249138163,0.80810597990628,0.0944255223130897,0.799368577541688,0.812609406313098
"cg18184053",0.804544523272462,0.860168473645559,0.752582415455974,0.0890697241317754,0.838622134812293,0.84870359646981
"cg22498365",0.873789418633351,0.845702003755759,0.883071865094469,0.146723267907869,0.886013575068087,0.89659702167565
"cg18067520",0.893927440579734,0.871929399527546,0.8530352522523,0.107141797886983,0.753331252203276,0.810067912804057
"cg21743182",0.875677964327015,0.858113699718932,0.862321223200814,0.134939365084242,0.857416851399834,0.867079145554131
"cg16148346",0.884582427515494,0.879622847422979,0.892965770377154,0.151233757943016,0.859798714928412,0.882858000445982
"cg15532942",0.851414112272088,0.859152353465156,0.84326391228016,0.13554682075308,0.885334611444195,0.881056701355588
"cg13356455",0.854181042012395,0.87214124673307,0.860438850202255,0.137833471239485,0.866353711677177,0.87616214387252
"cg25683989",0.888017680756636,0.880646072486574,0.879093787594483,0.147255146244059,0.862715600890699,0.865648380786923
"cg06889975",0.887711372649249,0.893335937440578,0.88396872766515,0.147006008586463,0.863831554102783,0.845431639970647
"cg02212339",0.898040680405969,0.908786216856027,0.893295401833794,0.183057137049012,0.906086885807665,0.919492015294139
"cg18250453",0.875518741887199,0.888412290928675,0.863041203704323,0.161713458253361,0.895783644876653,0.895433665720477
"cg05579731",0.858958987024899,0.85225131906042,0.857042260837211,0.141805129859476,0.879578404095291,0.867657591116807
"cg23683962",0.893833094544379,0.874773193395025,0.884374926142877,0.164037724461996,0.879653867358657,0.883652011723131
"cg17123327",0.87322332353658,0.824846666880184,0.865705870369042,0.150233869283549,0.887567221421369,0.892644087502662
"cg16654610",0.850660771927269,0.864017444018492,0.862007148962477,0.148978873210701,0.885106001736329,0.871786187959073
"cg26795340",0.840785919482739,0.849806528547813,0.837101065401273,0.121977777270599,0.829963820980808,0.838916135334827
"cg12976793",0.894694949489975,0.888552167749129,0.895953642060204,0.183411179925909,0.906584598239186,0.905459434318466
"cg27565966",0.866432887942979,0.873357617624623,0.862367454660034,0.149379096537042,0.853914800047709,0.858066062918182
"cg22907103",0.864084240871667,0.855515673791741,0.856253263021226,0.135481158595943,0.816730853607288,0.850956739682916
"cg22381248",0.875217473579953,0.866333322871437,0.849834265639493,0.139781826685873,0.803388262813383,0.86955758152517
"cg16185947",0.862267267259545,0.875274736450164,0.863546893839596,0.140162394770358,0.848836685291752,0.815034674883196
"cg18590995",0.864502129510399,0.84348663220837,0.851952743749283,0.121690043922428,0.802899293396876,0.793173852456098
"cg08905753",0.836987251266759,0.854097975160869,0.829138280710865,0.137541452675361,0.853825174455844,0.861041702250012
"cg03402235",0.905526443276714,0.882058755528539,0.889479753942792,0.173967045974674,0.871828005153186,0.844296251392604
"cg10147394",0.821270019099076,0.829595349495055,0.827949048337356,0.136688544160442,0.861672261093316,0.863699476865049
"cg03980424",0.916501459660131,0.849136036851671,0.896802556217352,0.189245403253839,0.882419682696407,0.917585181007091
"cg15287850",0.855005691869618,0.8517886860822,0.852819703062074,0.147537532863739,0.833132682923776,0.857497448847004
"cg03860768",0.795250611423971,0.824111957099116,0.786688424075183,0.12591713041148,0.866607583379276,0.848825081267801
"cg13738327",0.852838353741467,0.914005566633712,0.832412680554063,0.191660618940219,0.922124901268866,0.927569782344376
"cg02582213",0.879303953719697,0.870423364339215,0.877513419073443,0.178821801745546,0.861934459298571,0.880280039825137
"cg01869288",0.746324740214591,0.819748186489895,0.758981164533725,0.113503311661932,0.853829985408788,0.863320237740575
"cg26810157",0.849619026751159,0.873918744508761,0.81053647956908,0.154166126088358,0.844873803846787,0.861219771639957
"cg13915752",0.869904184964194,0.87637507973622,0.877030174219776,0.172064230383752,0.836509412167921,0.866847227483366
"cg26160564",0.814164337355214,0.819852840200711,0.801324114200855,0.136675490809496,0.846737957521993,0.864196749277507
"cg00762029",0.912211659467788,0.912874936813986,0.913676959139959,0.219250058720605,0.908221829556304,0.907949402802878
"cg12604490",0.857562549252228,0.858243774177867,0.85312106761529,0.161137331996713,0.863258563477204,0.830084828638968
"cg02606840",0.0675662815874692,0.0866428823500249,0.104691771727559,0.755361339369141,0.234173070885551,0.0673113140809434
"cg19269039",0.0593402338968007,0.0702878250758959,0.113878842956503,0.792276758767634,0.152716832261801,0.398139795693551
"cg23357708",0.230634460990395,0.237084940335628,0.227136340078107,0.815006505705625,0.106758598070504,0.110116140353454
"cg03429643",0.0821095504149335,0.086117020600434,0.0990661548326124,0.722576135949127,0.104227551361459,0.0804963903419752
"cg08864105",0.0927738388346266,0.093080955560331,0.124974405137124,0.735904159514533,0.122850270924163,0.118713451715824
"cg24641737",0.0695125916294212,0.0837229318794246,0.0953987431772315,0.701372656681343,0.102750187319507,0.107678572858179
"cg09300089",0.238136890205478,0.464717680558462,0.134166603629772,0.805096853053665,0.109065539326012,0.101663834174618
"cg25616055",0.207681032263677,0.0951649930329243,0.287610261105409,0.756685848844635,0.147605392486045,0.0741312052143489
"cg08560387",0.0536512539959034,0.0538038970425247,0.0682353760846998,0.640840567554733,0.0781986627813036,0.0608938165762616
"cg07635227",0.210062898066954,0.14514698038167,0.392640939040467,0.750099996725237,0.0706291494027992,0.0663636803975759
"cg14317609",0.321941952324486,0.215838218885778,0.323591264797703,0.812037613061782,0.173186424619193,0.181257419758379
"cg15906007",0.143903086608993,0.167773074195949,0.140781623430372,0.75495590338296,0.346395212916188,0.159050661884166
"cg00619207",0.0759864976778022,0.0946438334100732,0.125771621615293,0.746661751093273,0.160995323027799,0.469876705335764
"cg23792308",0.124444461194485,0.102974778225221,0.142103378119009,0.713370840803247,0.286801812056573,0.125562417623835
"cg20380468",0.162991886157381,0.14896577237341,0.478621282223037,0.862830371031553,0.543638622618218,0.254637686360035
"cg17266282",0.347894579216577,0.218739755952137,0.373234709988642,0.823956572163894,0.227134351789577,0.241291368422406
"cg08682625",0.34676592662186,0.211180085037082,0.478472788406161,0.802372283075722,0.136803584523799,0.130144498573824
"cg25753024",0.175169188778145,0.171712536780912,0.21183048721536,0.720126526443465,0.22739055174844,0.160698671763338
"cg14344261",0.0847059277940681,0.0849989177335038,0.102159783598025,0.617141023511701,0.0937607976844729,0.0893856038581957
"cg07725527",0.181284557645497,0.173085943888603,0.215098469740854,0.725135417112496,0.237753115958203,0.201813555244811
"cg02779913",0.312450937867408,0.422075468627464,0.172037647891781,0.726894455771939,0.0767124716509057,0.0779644436787007
"cg02734358",0.243388697539717,0.135212876789012,0.0944176797957726,0.721802449940569,0.0936057320889235,0.477360837125562
"cg01156249",0.389605421169528,0.330771408883981,0.560813155719322,0.824546195003441,0.138624894756792,0.174848401326564
"cg00970435",0.124918439391913,0.256886863364903,0.161322314064253,0.705235924801018,0.313936005536868,0.147140615981339
"cg22632840",0.157390537097793,0.156344386149918,0.151075109247045,0.616889981016367,0.0920234568896524,0.0618753630807686
"cg24838825",0.119965097159544,0.191254431987381,0.0999308461385926,0.621831465045521,0.102975887179763,0.136157666321785
"cg15821562",0.153730772776031,0.269939701804872,0.200739947610177,0.755259289698684,0.541684155168617,0.157959290580876
"cg27507284",0.35563689191639,0.470286979386186,0.140215244747106,0.733058911630413,0.132943078855527,0.119141072772373
"cg08662757",0.111504999662627,0.121854691543689,0.134120984696549,0.60069478491701,0.122210344581742,0.100583082211889
"cg10054641",0.104505399930202,0.168483954750139,0.143701316880819,0.728607599942297,0.435752880167564,0.37844647436307
"cg09849688",0.234592887781833,0.262435739768472,0.243346285166796,0.680534178565353,0.133592746871397,0.128009486097359
"cg27166718",0.12885990048973,0.0900320481227897,0.124992569837789,0.610991447461066,0.199203541751018,0.121671879006978
"cg21291385",0.180886144613624,0.242390833412925,0.189254275040559,0.700845243994151,0.385735619200629,0.12875945901842
"cg08698943",0.402848625979524,0.343933795774658,0.357274351342702,0.822460456080809,0.17579984761255,0.455369092837885
"cg14284211",0.262120656928323,0.214960056664834,0.44280285018763,0.692481061419803,0.0889044934951933,0.0841841486370178
"cg18081760",0.127702512618409,0.284690609806501,0.140466857571576,0.62815104960548,0.130091316238236,0.10478358378058
"cg15595502",0.39133930306558,0.437767055482166,0.556350827699046,0.850791606619677,0.287075725240736,0.229920605442503
"cg10057264",0.229891224306007,0.129937614317981,0.239143930270612,0.663748405524238,0.219050135420331,0.164301444962196
"cg08130572",0.111240482696224,0.107335964574999,0.122140066552775,0.594800324642954,0.160914588904827,0.14149701027074
"cg13924996",0.153251486381334,0.454873864527254,0.194189781765276,0.741948617199323,0.363352767295213,0.236061345451966
"cg10825530",0.341177990867762,0.255432951622127,0.318365057484011,0.78092804201171,0.265802366614733,0.428387921368451
"cg00458681",0.15382226710269,0.140029833740152,0.248432714091032,0.703369712043945,0.42448033587699,0.263479237509285
"cg20450123",0.229501965056524,0.289929712074445,0.164577886607227,0.650546116197212,0.17883597235867,0.114579879613359
"cg14595786",0.147215849211928,0.123804072999984,0.128340173048645,0.586219619732631,0.131525703946793,0.145793514678161
"cg05870586",0.295300487805217,0.251076213993302,0.300816868953531,0.699579951422555,0.315656760834214,0.0838159249442872
"cg12870750",0.177498468879237,0.173117017274623,0.303320419619406,0.713909217238135,0.460786787690058,0.217424378062787
"cg04978343",0.367680126990549,0.379840660229529,0.239536035922857,0.738542313511028,0.258171865435276,0.215595103814244
"cg22286382",0.127292495185012,0.159040601521026,0.148939096580023,0.611427523075544,0.297262052106951,0.0935865182396103
"cg22222999",0.17904644060291,0.350102521984843,0.162549476618096,0.63737576000362,0.154457795546365,0.110310469991955
"cg25518868",0.0921603164713222,0.080443113502495,0.157561217674149,0.548706574564921,0.0961747902967633,0.0941254587285311
"cg20610950",0.922367010165576,0.854220537578185,0.886387821903547,0.906898302605419,0.178479586802826,0.632231524168578
"cg10480329",0.918951946218502,0.878795356364367,0.888654185710769,0.906316760413697,0.237290091477689,0.857027132760837
"cg23244761",0.941466779929302,0.822919888300209,0.852821298547571,0.930181190131884,0.244212118968605,0.931637151312126
"cg13093111",0.906096294589957,0.872909599769663,0.841792067536343,0.877661840623089,0.15111783065695,0.512995731203578
"cg09220326",0.899361408226702,0.836012502268192,0.856669495634606,0.891561711330398,0.145871360813921,0.474305689491933
"cg18066690",0.902844690588453,0.847948853267974,0.882654423790019,0.899174947155837,0.241360054749815,0.901651219254065
"cg10499974",0.924272980409114,0.836673566603793,0.857119672527592,0.834947684686893,0.132046804315388,0.431118681573243
"cg00701951",0.868153444873351,0.832943459272327,0.834922373421744,0.893957937211295,0.186500021168594,0.698900463606066
"cg26872907",0.898838128725768,0.74227979708221,0.795925417748229,0.888014901356822,0.205172251526744,0.89041692272531
"cg13430807",0.881757535467527,0.777999601118218,0.803880994212834,0.807983862936479,0.188332123882958,0.841207916080203
"cg04468741",0.892681642372479,0.818364842552839,0.848372660902886,0.898965659470497,0.228356046429642,0.841084909348398
"cg02861504",0.896516737328056,0.84680346857387,0.845774353519445,0.829482980651207,0.13686137514482,0.41504594736361
"cg19301114",0.817515746446196,0.758158272311859,0.747045608467854,0.789831064682682,0.159968127761599,0.828927522579242
"cg27059140",0.884380269485672,0.856008210495599,0.848265510654122,0.882042754749462,0.165987267755712,0.500732391692218
"cg10278149",0.884735669051022,0.840792019413906,0.84103085841443,0.846378409076549,0.196746084037752,0.697970139850697
"cg07002540",0.875628194403718,0.796628746745859,0.817845445334839,0.873003505478508,0.195047162506843,0.738411547374855
"cg06489037",0.897292033484459,0.834076084662249,0.85903264839122,0.895983628445329,0.158929448508306,0.431048004114801
"cg03313271",0.909323616614413,0.860238507946729,0.868400786316684,0.877874408361551,0.169429418366311,0.450790237859606
"cg10624395",0.888673817596218,0.829437089644983,0.855674402171839,0.873583947282621,0.246938238077969,0.899848978401008
"cg20641531",0.901784762590818,0.874762504425742,0.878373065255946,0.890664991032024,0.233403689393898,0.714378160465937
"cg14109551",0.902456483047382,0.831103086643229,0.856106694733946,0.901585025637606,0.233346897937814,0.767461433622487
"cg26538782",0.896092626706116,0.852918478942808,0.858664423041261,0.665296794237261,0.210775208132684,0.85293905453732
"cg18835472",0.877258322220113,0.807491579716922,0.836134546012944,0.792486189820998,0.186996540212906,0.69311326744218
"cg25856090",0.913363987997548,0.83271962851517,0.838010640130821,0.904742007603723,0.184444250131115,0.499086243975353
"cg09322573",0.889090791956277,0.843692059247811,0.835828958050318,0.812115368306226,0.190223816443399,0.635673145125729
"cg16429499",0.89635356500953,0.830403135499065,0.83836775928024,0.447550126289071,0.163877074834944,0.871277051292126
"cg19358608",0.872980134046358,0.824704770933755,0.839797399761952,0.866896639863059,0.180693250865769,0.55258624235473
"cg20978247",0.9204335487171,0.844556349886832,0.856662324746406,0.859960315189942,0.177182854232806,0.455729347851783
"cg24238409",0.882017147979717,0.844891408406773,0.827769760222447,0.889111355322249,0.169664709730247,0.44239794399012
"cg16636767",0.89821219634071,0.856748192647457,0.862256826443527,0.868065415398339,0.264872840837162,0.871009114679192
"cg08694574",0.902925400168172,0.853109391824645,0.864774754483203,0.890164809903554,0.240639612514678,0.722631515686921
"cg00208012",0.874156690827945,0.802964226710118,0.830911184472617,0.808296734525966,0.229906529718423,0.853649265882846
"cg23391288",0.893431898045621,0.810847654782776,0.851862157592619,0.835583368297664,0.256458598724834,0.910098282049395
"cg12207930",0.866277851261303,0.804514924982727,0.839470637265012,0.822832119055601,0.189558210554036,0.627084283073446
"cg08908131",0.808328975998648,0.785661108857462,0.75184980559406,0.831081406320857,0.206486235148384,0.855548128626081
"cg02244028",0.88229985979012,0.829620180460659,0.840215513193946,0.871023300538101,0.254573664943266,0.8463353901603
"cg09712234",0.822305967949225,0.703493160993612,0.776693194291111,0.803491175651322,0.135808104297817,0.567443826220654
"cg21683390",0.90551396830466,0.852978957685009,0.834376472844319,0.780875919557703,0.160836405778646,0.41833832815392
"cg00091349",0.830583570739659,0.769999470475197,0.773246343125549,0.766927352388719,0.131397572103682,0.503579271155042
"cg17183174",0.866314808084768,0.823432250943837,0.779988579735642,0.765462465386005,0.167032453113507,0.583360975915919
"cg27366072",0.892039618455949,0.851899086743553,0.84635307722018,0.791423759756651,0.228612097124885,0.74311095837673
"cg09310966",0.856327529603027,0.790032758408086,0.79865412690991,0.891447817672803,0.16828045769284,0.483885467831188
"cg24365417",0.850092845800598,0.809763877165317,0.794207259179347,0.854274146781212,0.219753971372531,0.758460307245211
"cg11953913",0.889887396632324,0.794344292966259,0.81997791176267,0.874025010623172,0.174622054002555,0.461746022534899
"cg03533256",0.767756059261851,0.734586707361687,0.711008660411879,0.817454727190419,0.156646764411586,0.713731261476114
"cg17660833",0.867910862094834,0.831401708352473,0.829100479979517,0.866427674054149,0.179607350274478,0.457992483902449
"cg02780988",0.830165357781226,0.790598564792253,0.795805615600946,0.727424457676168,0.2063724768731,0.830693579986525
"cg17594003",0.877755429077718,0.837139830470558,0.829852886154958,0.813860712959753,0.189732660811042,0.528044589234639
"cg06297318",0.843013491657614,0.814306348982599,0.82858060520729,0.828393337837487,0.236722220721878,0.801306802004523
"cg22675702",0.848183954875143,0.781222906092166,0.811978289493382,0.804356493974718,0.222203307738119,0.797226129518901
"cg10639435",0.0744614790045444,0.169337132269686,0.170254461180877,0.381530495670842,0.783277424120787,0.415772547403663
"cg03795574",0.247952233068364,0.201906495675575,0.414618828144509,0.141521440876301,0.761852340598561,0.183539009474061
"cg24957609",0.141765246265938,0.21364151464823,0.206228239223305,0.189941311287283,0.772305209409227,0.541930008963409
"cg23213217",0.15314149206621,0.235275308165809,0.42177361840462,0.391857650105989,0.778323606110763,0.22710624190795
"cg02291020",0.0744514963348413,0.138956435891438,0.169805371236297,0.426192751091332,0.635648882500534,0.0794538957419901
"cg10578938",0.111497479916019,0.15042682128806,0.256456867256882,0.183927878802549,0.594797657860186,0.224590175910802
"cg10768932",0.0803245242214566,0.11408895693663,0.117436318101901,0.0804537569422733,0.483816350670758,0.0928243310511603
"cg18923906",0.140887798142045,0.182694711589855,0.198345165169351,0.383686289449854,0.607460151791098,0.330156281814109
"cg22651103",0.0739346017470892,0.154339232184222,0.139878229474083,0.122508912543685,0.465352824864498,0.104673321694326
"cg23358740",0.0868525032175147,0.134724598076912,0.256409131990051,0.33516485212542,0.507220740258488,0.176141424835887
"cg09391405",0.24426819851009,0.240370492560865,0.372141644717494,0.30015814503811,0.578659946547194,0.191773017895797
"cg23053742",0.218959257380976,0.233752382802383,0.239551602042926,0.230163586161425,0.5361038914816,0.255650948538937
"cg04453471",0.229790261499651,0.285950948226786,0.151968702332749,0.19575520524945,0.52791269193802,0.327091296812126
"cg03887528",0.332444844610955,0.300131746480763,0.246728609546859,0.199991447742431,0.564880615031067,0.390766269756378
"cg05975710",0.415901733251642,0.422592748837781,0.501384256471431,0.346631645937233,0.721162153395998,0.578975513113289
"cg07283441",0.321536278272442,0.262969003711754,0.438544158053386,0.390738378767657,0.61942854087269,0.394194477938714
"cg18257485",0.430202382511169,0.46476706382453,0.469683633695726,0.555467197168593,0.73481357959007,0.46881583615136
"cg27506442",0.0388930123196461,0.0653976172512277,0.0700680864808687,0.076312449769209,0.349530675544872,0.231245057537626
"cg00782811",0.220177884315933,0.306304018805543,0.182171606142085,0.310591562869812,0.51720390919946,0.314271130306835
"cg19574915",0.239890865078318,0.207339742592612,0.381396948642201,0.210085636143792,0.49872347939085,0.232064623526515
"cg26270899",0.153487388407076,0.277584507437268,0.176163342155007,0.231865920256817,0.473782738906467,0.310348640323959
"cg11706849",0.560052287848825,0.675112494476735,0.685422856230863,0.594718868098743,0.870187086589299,0.643748786688091
"cg22708902",0.0592951793212401,0.0769762673260078,0.0849066321010059,0.0660033411544956,0.318583927038466,0.193382599360427
"cg25653947",0.284756972687666,0.350527414388096,0.38351225677523,0.453554582813728,0.585566891239866,0.4067871929566
"cg10944833",0.0866147117512411,0.113274046067179,0.112212302807361,0.179677846616978,0.342371438612493,0.19032749722366
"cg19631651",0.553990350557207,0.60235019080155,0.542518316801477,0.597537647798798,0.796367881446669,0.669667226403609
"cg01881899",0.0635848619007974,0.0925142516472388,0.110054962403651,0.0856681935373108,0.291714499644418,0.120040822116924
"cg13027206",0.0760523417829898,0.136231121451055,0.129360912829608,0.143492125111031,0.321620127261629,0.156689962378575
"cg06347943",0.603331854696987,0.659507175534217,0.624252868897071,0.619565824134731,0.811892945397224,0.626540873921533
"cg06975311",0.122611724247187,0.201697064897828,0.157153500488523,0.0964624447083863,0.339849385219666,0.214849118763092
"cg10671066",0.0803346864350754,0.0749974068231884,0.101049798797722,0.139046723000846,0.257964969678433,0.103142871690058
"cg08280936",0.0745145482668747,0.104805100275172,0.121314327353288,0.12296446474659,0.279267171491743,0.190492249205508
"cg20660269",0.041718601398201,0.0661995065107077,0.0830957797590182,0.0423111224826538,0.211484872732262,0.0742112331332804
"cg14145194",0.14202809398808,0.152685796725923,0.201695450283088,0.177518893796461,0.321369554490883,0.204369447297285
"cg13066703",0.116929347200097,0.157131418130806,0.121015998764781,0.131320497165868,0.279634048754367,0.14675716403592
"cg00403955",0.0928347151613662,0.103900480013935,0.123865345107243,0.0654762413114243,0.253967741636851,0.160539455680467
"cg11630632",0.210220229339723,0.208970747461314,0.243229828984328,0.197199892253378,0.352653336830524,0.194707291231149
"cg04062576",0.0749565075745719,0.154110102047748,0.102164350332013,0.115655056584477,0.247545065110967,0.0948418745993939
"cg02821342",0.0648611043501604,0.077950750118495,0.0763509294931179,0.0958664405177937,0.224416337378484,0.113658275962486
"cg07361056",0.522525150982588,0.513609213261292,0.576861427192297,0.493051713184835,0.669260779190651,0.570404711301971
"cg15599437",0.103036073901941,0.0945822288151308,0.0864875405086675,0.16718549405851,0.241425349934508,0.101616041337279
"cg23304605",0.0810046147758637,0.124606950160711,0.107343043118969,0.0933377761314784,0.235150579448506,0.139187423947875
"cg09530594",0.448640772265911,0.454075759350441,0.4466858344686,0.393707618034442,0.552622520182607,0.394439068662214
"cg15384400",0.143414085418252,0.136324850316839,0.160759904941995,0.138900932291712,0.273059034629017,0.161317485003778
"cg26572165",0.0634066305869295,0.092263066101912,0.079207995016794,0.131683889831832,0.22279139854464,0.148284291313639
"cg06551493",0.323586470166954,0.308406182604947,0.331169786513604,0.318093319804684,0.442850200582729,0.350949670781517
"cg02237342",0.0386523456412161,0.066717814699589,0.0581838825993395,0.0460984268813082,0.168946531558472,0.059868957843655
"cg20525486",0.138016842187297,0.125815919193057,0.149227808542149,0.128480588648852,0.258744300602428,0.203230033925613
"cg06866400",0.141684935325047,0.136958643312227,0.157017308583465,0.137509074502177,0.253920553263034,0.153749729505005
"cg17548431",0.189128600727946,0.182665970717065,0.205238596945602,0.177527484180455,0.300316914509134,0.222643534776056
"cg22381196",0.941302211443608,0.91985612979518,0.923873162052369,0.929077242476725,0.755408787405758,0.135858823822047
"cg25739938",0.90865569156746,0.894319785858876,0.904188374404982,0.900833866672638,0.839001666439559,0.167154969659252
"cg05936004",0.906878723571608,0.909009867232518,0.892766503635769,0.894623537382564,0.768996427478062,0.154520748581643
"cg08253808",0.923429718485727,0.90362871393942,0.911613693481888,0.895641126203274,0.711398943240361,0.150650148657412
"cg12483340",0.892855722544426,0.878926386835525,0.896333354646774,0.883044071421969,0.762276998300627,0.145921537168049
"cg00439981",0.926624905771731,0.895582212606911,0.892388800774363,0.925128241513378,0.608891103752458,0.143328374062238
"cg06270401",0.8734110321868,0.891025433611187,0.866558052582583,0.894074215201142,0.810258098064317,0.161842199309668
"cg10611016",0.917788133702536,0.904120910800432,0.911199860381154,0.907462877332583,0.659157155699737,0.159137666434026
"cg00705730",0.890031476623298,0.882842996090252,0.907848800969728,0.89945035261726,0.825997798023627,0.181144097474578
"cg21685770",0.895236140217092,0.881991203214255,0.86747278955047,0.855365700756904,0.716887400104863,0.144506100506848
"cg04609694",0.892258063969368,0.886539460811049,0.883888975333057,0.893013857740769,0.80807688491971,0.182765232869358
"cg03340036",0.88398815944871,0.866711056268364,0.889120871395551,0.862629855275403,0.744144985975864,0.159615143194987
"cg21792134",0.932497623342917,0.911118930540433,0.92419296489159,0.928420976457151,0.841586796576645,0.218618169312168
"cg06526020",0.893873785795049,0.872844073821134,0.885766180842972,0.903479183409418,0.819989714366097,0.186458664182366
"cg19037107",0.885727599361327,0.898339283873384,0.881959518482105,0.897522612305272,0.828223068661247,0.189682998303284
"cg01692842",0.84639774125802,0.858031107056516,0.82917332904048,0.843692167572922,0.794056744853236,0.149035969497146
"cg13468144",0.912157733285296,0.857992432409408,0.901638747471747,0.907784927409437,0.86532940568945,0.205481894058358
"cg21285555",0.872072413797703,0.862352551952583,0.835844802982611,0.854669650150142,0.752092591647706,0.152189982780791
"cg05627557",0.862089912346376,0.852410685541422,0.860438866432567,0.85597164842405,0.70116734794381,0.149120333065933
"cg03637218",0.868287770044559,0.86724031097034,0.866822255223749,0.887516343423628,0.844107504338793,0.192683673683503
"cg11014468",0.906109368077964,0.888207830848173,0.905936136409762,0.899776217706796,0.843939448318903,0.217059250630998
"cg17852482",0.881389926064612,0.877553796812424,0.867876350542554,0.871881784496314,0.797376028986782,0.192187101660644
"cg19460836",0.874020214655351,0.868166659340784,0.867837616629926,0.869335297412045,0.652616402678881,0.159491544083954
"cg13652008",0.898592663685677,0.886349754934085,0.886470255811587,0.890241823558991,0.763641115718378,0.199695845501754
"cg11557901",0.893620768007339,0.87450979205134,0.893865642169459,0.914899484382706,0.4875476598812,0.148076169401574
"cg11070172",0.89502423114927,0.928902652529167,0.905646601292511,0.915177919559154,0.807381739318047,0.227030120701516
"cg25600606",0.923792674458547,0.909860718859903,0.920132929355548,0.917042030831786,0.832704336750549,0.238183142804686
"cg15086439",0.896330630228135,0.854938600098648,0.886103146434576,0.877069884063125,0.658449671418867,0.172303079931775
"cg08154963",0.869088377343099,0.857463272727137,0.856243256736051,0.85816651625957,0.733309774800624,0.173430659985779
"cg25006077",0.89537362877544,0.879693577564766,0.877396563317215,0.907333820939613,0.841039582500021,0.220508770084044
"cg13595556",0.889607654653082,0.877601243202916,0.864996904717804,0.912674626481683,0.676569829256863,0.186415924777105
"cg23661721",0.884934169763116,0.850627681945808,0.878339632435183,0.882666597873176,0.604120529603572,0.164591219302518
"cg09342997",0.875555426918409,0.858714850682382,0.879026284971477,0.863181437253368,0.784479655228163,0.196932750335778
"cg00965330",0.925308694750364,0.884608033513619,0.916189705419211,0.921341427337638,0.667773141190307,0.207799816713668
"cg06465076",0.895937220948573,0.884698289124831,0.888479362972039,0.898309666642424,0.742149951161225,0.207744720924022
"cg09859659",0.90305557196297,0.894428971045514,0.869383350141347,0.868064264239752,0.829872991361267,0.22111203581134
"cg01699630",0.876728843769984,0.868701510767916,0.882250846720543,0.867774411145878,0.838880541135167,0.216299474567316
"cg11313468",0.848119313337834,0.841683626808336,0.848344995714707,0.849135713866777,0.731221436248264,0.173518459972757
"cg17080697",0.892821578432226,0.888624902647107,0.900641409592333,0.890406293283075,0.769776338282705,0.219254092215896
"cg04858164",0.89566892299089,0.869226580670331,0.892166422115775,0.890727562445628,0.830047886155718,0.228075579049642
"cg13178361",0.88319245966679,0.860906358830246,0.863754839491438,0.87044505627393,0.710991629376809,0.190550962034351
"cg19055828",0.879098746147961,0.855843766960837,0.869707018557206,0.877104579049683,0.583297767593126,0.166840761839052
"cg08539965",0.914326695424322,0.874716265401752,0.870507245030856,0.877681808539201,0.490004362774353,0.15973658302515
"cg07790752",0.771563649875761,0.827324446005589,0.74547289224536,0.792456158700098,0.755475169795523,0.134544230531195
"cg13852284",0.834270306176482,0.844787548929651,0.825493927601957,0.878787333919309,0.819579816589995,0.197142811795897
"cg01400750",0.79394854162831,0.754152585225025,0.866820705371102,0.863519341045463,0.741547653198712,0.160722795201052
"cg15724534",0.909864178492862,0.900731507109844,0.908178664274515,0.907578032048568,0.838574383710373,0.249748844144314
"cg25968394",0.908053227136301,0.886697108207418,0.899385065714733,0.884444238792775,0.665776054112667,0.206206772297026
"cg13396713",0.9120285507878,0.867906979564932,0.889441171321674,0.902759719115435,0.4686790444546,0.166277313808994
"cg12809098",0.912112825177622,0.891414154830148,0.90007419480176,0.910824354024683,0.707695138057041,0.22269014833731
"cg26341831",0.0751278593481758,0.233799719467062,0.116445026997028,0.0780651105523167,0.292401759574258,0.793214550902428
"cg11354682",0.389345804302255,0.34029004819793,0.157867625475504,0.103914436025655,0.166629381023054,0.836879018387026
"cg07427475",0.188404630075798,0.225731759040183,0.358271086008312,0.105750357640043,0.249693101337698,0.813974149941331
"cg09993145",0.0670471214730658,0.13441148609473,0.10856875383775,0.250419700982598,0.239504788924673,0.745933843221842
"cg10699171",0.123177253767027,0.152977245359863,0.1829012750614,0.149214411354426,0.575909388969111,0.807126011607692
"cg23954655",0.110119432032686,0.0962652939427638,0.169486676365577,0.101668152292826,0.197740871089378,0.688650301045379
"cg15474337",0.247431938673441,0.246210312548402,0.149628307578719,0.111854341307413,0.143728807280843,0.697142394999961
"cg00661777",0.224998002925802,0.322083584771279,0.173456570097388,0.157573060171667,0.178781748019935,0.728138466906115
"cg09221159",0.0995639607438213,0.127476689781622,0.150927223662568,0.170576066146785,0.491436903254874,0.722921640057927
"cg27058497",0.0744821700812215,0.101385013837763,0.0925764362716953,0.158093889813539,0.308338323113406,0.654892464791872
"cg03722295",0.174931687495386,0.16971963040973,0.159777834104146,0.347143170241105,0.342322973178351,0.745202153758873
"cg08817540",0.13478631770144,0.106248609404457,0.233671232774709,0.377831346888805,0.160762937650717,0.690930946347841
"cg12991306",0.445132807627546,0.515579867709126,0.312907419566118,0.132585718892683,0.205564606026347,0.799665263872947
"cg10502324",0.178337196436201,0.116098708714064,0.276611605294805,0.412253318393575,0.185789528578822,0.703692054294344
"cg00795812",0.166013194731788,0.12373630545817,0.385287362781433,0.332385211160569,0.327578182863817,0.726553640564447
"cg10825315",0.100469431129013,0.0861554263440151,0.0955209734595324,0.0959947925670455,0.151699951387709,0.564448109244703
"cg24314564",0.417560551710561,0.405601254183501,0.440544460081207,0.515480570192882,0.185552416427463,0.850972349729926
"cg02007288",0.485377535585821,0.473178026135055,0.448444815969999,0.449622111684734,0.259352976723956,0.878632255971933
"cg21221767",0.171947657660531,0.0933808643833945,0.182567054265655,0.077377283399324,0.166076420850469,0.59322227687902
"cg12240358",0.523770063390351,0.469644911070387,0.468840848778353,0.174365009762067,0.452583716853513,0.872159882058326
"cg05492387",0.455784688991856,0.361339479195124,0.425654588206912,0.266463735908186,0.24950839042676,0.792810766579481
"cg02212836",0.420550389261897,0.322317949349667,0.493200698986657,0.177423004874127,0.287133635935899,0.771973708018244
"cg20146241",0.120750050153159,0.203481642578132,0.175560932537623,0.157110345046165,0.451879899833236,0.647228789647301
"cg26169783",0.316675008643423,0.269453603054052,0.207975113466035,0.292571910054536,0.205176495054297,0.683302932792604
"cg02331830",0.222516918684834,0.222104918838235,0.384260018464245,0.328672059392104,0.314512906958436,0.714957623141575
"cg21057323",0.193426360187673,0.195316704937295,0.270292093297829,0.29593315365836,0.410909036474501,0.691590164944348
"cg07754940",0.269214725697781,0.278368355009927,0.277647545394805,0.366201783526792,0.33338605398074,0.720873864830397
"cg03889044",0.173008127047983,0.206430439456781,0.372791882804553,0.349222870845832,0.498884987709215,0.734373006854532
"cg16582517",0.262749459972875,0.326651168104066,0.15774757283137,0.124976711042316,0.16592719891915,0.620807735642092
"cg27051683",0.199550695318093,0.220862012148103,0.405123231050587,0.383029787684468,0.5088829072453,0.756440937151798
"cg21761853",0.112026206597742,0.159867861946119,0.115742497545613,0.197939954361003,0.189545572353955,0.558703697683035
"cg11906021",0.462966188202317,0.561319391517768,0.256697336333206,0.470617760515158,0.390330760827915,0.823315593581667
"cg02646515",0.4049022932136,0.32798435827678,0.322940871597254,0.141101084606911,0.163651553980789,0.666750644550203
"cg14082886",0.0974391385266319,0.0782716416838531,0.183554378446354,0.28915634753367,0.299355816485605,0.584011886562909
"cg26562691",0.530243325588383,0.500332808025533,0.474712036715804,0.337067149139592,0.490970756272051,0.854814661415715
"cg13203135",0.137414452097088,0.114919509235897,0.185242740204431,0.130576488848671,0.172435170278584,0.533737452378616
"cg01582066",0.303547212415134,0.359411006627674,0.162207229947599,0.3954127743612,0.235278231748186,0.676502881263893
"cg08608952",0.389475743575966,0.408622987992549,0.419914596899594,0.391994718163993,0.479735375659812,0.803007933895689
"cg16384864",0.182945028400963,0.193412963782509,0.155061645272909,0.266848503268786,0.453759384752991,0.634339407844892
"cg03055671",0.215201885905682,0.132624868025635,0.200534207130115,0.303481793338965,0.404371104886527,0.63433487934949
"cg10516886",0.291526820177304,0.327278746718197,0.362204366024869,0.0721248802480083,0.173948324289558,0.623101141335771
"cg00221794",0.323151629425197,0.342147589502822,0.127274585861263,0.103355887062707,0.293836602720277,0.612041818222052
"cg15459165",0.0644107299445259,0.108524160326049,0.141235176771413,0.0701445756690882,0.361745612165335,0.519623223774571
"cg18865207",0.0627824903519735,0.077708737838875,0.0767236628161112,0.0770474412946384,0.21805332417043,0.469884403734208
"cg08549335",0.136048200362311,0.119397171807406,0.137242189247806,0.303496913966509,0.142217537176425,0.532419341989682
"cg13525276",0.0703737921002922,0.07517575493607,0.0766658717744107,0.0779300251995446,0.162027466376491,0.447772843460724
"cg11992736",0.107813197097373,0.121094608707212,0.128316480272033,0.251976683459199,0.224762282246261,0.515086582627023
"cg18773597",0.32589095266753,0.266837334744065,0.450118745840175,0.231902953204762,0.347421509218092,0.670744084036216
"cg17694130",0.417431424122334,0.450971514395177,0.399465478979282,0.437951071869938,0.46546618214059,0.772618441211715
"cg10274029",0.409176743678825,0.360623280094194,0.381301408950622,0.350773867501606,0.477985873647202,0.734169317454061
